0,143.6
3.5,143.6
5.4,143.6
9.26,143.6
11.65,143.2
14.06,143
19.62,142.8
22.36,142.8
27.61,142.6
30.12,142.4
38.27,142.4
43.42,142.4
48.51,142.6
54.58,143
60.19,143
60.19,142.8
68.67,142.8
85.51,142.8
91.84,142.6
112.27,142.8
121.87,142.6
133.01,143
141.32,143.4
141.32,143.4
149.42,143
153.65,143
161.83,143
184.34,143
200.38,142.6
208.4,142.8
224.79,142.8
229.7,143
240.88,143
250.62,143
253,143
270.3,143.2
290.68,143.2
304.45,143.2
318.23,143
336.86,143
351.87,142.8
355.36,142.8
366.38,142.8
380.22,142.8
387.29,143
409.2,142.6
412.53,142.4
418.87,142.8
435.33,143
453.68,143.2
456.77,143.4
470.46,143.6
476.31,143.6
482.99,143.8
493.91,144.2
511.76,144.6
514.12,144.8
527.43,145.2
540.71,145.6
547.84,146.2
560.58,146.6
573.25,146.6
593.84,146.6
600.99,146.6
610.72,146.6
613.35,146.6
615.45,146.8
617.42,146.8
620.46,147
629.21,147.2
639.69,147.8
658.78,148.8
661.24,148.8
677.32,148.6
679.44,148.6
685.61,148.8
694.37,149.4
703,149.8
706.01,149.8
728.28,150.6
730.88,151
739.84,151.6
746,152
765.9,153
774.41,153.6
788.53,154.2
805.83,154.8
811.67,155.4
825.96,156.2
839.67,156.4
848.05,156.8
869.42,157.4
884.45,157.4
891.53,157.4
897.08,157.6
911.2,157.8
920.65,158
929.34,158
931.59,158.2
937.5,158.4
940.37,158.4
952.16,158.6
955.07,158.6
967.87,158.8
976.98,158.6
995.03,159.2
1015.45,159.2
1018.28,159.2
1038.62,159.4
1042.01,159.4
1064.14,159.2
1069.55,159.2
1087.18,159.4
1105.56,159.2
1117.49,159.4
1132.08,159.6
1132.08,159.8
1143.52,159.8
1151.68,159.8
1154.63,159.8
1175.97,160
1183.94,160.2
1192.6,160.2
1211.02,160.4
1233.28,160.4
1239.44,160.4
1261.86,160.4
1264.73,160.6
1286.19,160.4
1288.94,160.4
1292.11,160.4
1297.93,160.4
1306.96,160.6
1306.96,160.6
1316.13,160.6
1337.77,160.6
1345.91,160.8
1361.68,161
1364.48,161.2
1370.85,161.2
1392.14,162
1397.58,162.4
1417.07,163.2
1420,163.2
1440.05,163.8
1446.08,164.4
1451.7,164.4
1469.15,165.2
1471.89,165.4
1492.23,166
1495.29,166
1503.69,166.4
1521.49,166.4
1541.65,167.2
1550.65,167.2
1559.42,167.4
1564.76,167.6
1572.82,167.8
1577.82,167.8
1584.68,168.2
1598.31,168.4
1601.36,168.4
1621.49,169
1636.37,169.4
1657.59,170.4
1661.28,170.4
1664.32,170.6
1680.54,171.2
1685.39,171.6
1703.03,172.2
1711.53,172.6
1717.55,172.8
1735.26,173.6
1746.17,173.8
1764,174.4
1771.99,174.8
1789.2,175.2
1807.47,175.8
1812.86,175.8
1834.82,176.2
1843.68,176.2
1865.01,176.6
1868.26,176.8
1888.8,177.2
1892.57,177.2
1915.33,177.6
1923.16,177.8
1923.16,177.8
1931.53,178.2
1948.33,178.6
1970.57,179
1981.96,179
2001.21,179.2
2018.62,179.4
2035.92,179.6
2056.59,179.6
2059.44,179.6
2069.72,180
2082.53,181
2082.53,181.2
2095.45,182.4
2098.96,182.6
2110.99,183.2
2114.53,183.6
2124.15,184.2
2129.8,184.6
2146.99,185.4
2150.3,185.6
2161.47,186.8
2170.18,187.4
2179.97,188
2194.7,188.6
2205.23,189
2207.94,189
2218.46,189
2226.73,189.4
2232.19,189.6
2246.57,190
2255.09,190.2
2257.86,190.4
2266.31,190.6
2277.12,190.8
2289.02,191
2301.98,192
2305.2,192.2
2319.54,193.2
2333.46,194.2
2344.73,195.2
2358.81,196
2371.02,196.4
2391.76,196.8
2401.09,196.8
2421.28,196.4
2442.75,196
2452.02,195.6
2464.41,195.4
2470.54,195.2
2476.85,195.2
2486.26,195
2507.47,194.6
2514.01,194.8
2534.37,195.2
2534.37,195.4
2550.84,196
2559.72,196.4
2580.89,197
2587.04,197
2599.22,197.4
2620.92,197.4
2642.25,197.6
2645.4,197.6
2667.06,197.4
2673.28,197.2
2695.39,197.2
2701.72,197.2
2722.43,197
2725.28,197
2735.53,197
2738.49,197
2760.59,197.8
2763.41,198
2765.6,198.4
2788.28,199.2
2791.77,199.2
2803.95,199.6
2812.59,200
2824.27,200.6
2842.37,201.2
2859.63,201.6
2872.84,201.8
2894.24,201.6
2897.3,201.6
2919.22,201.4
2941.17,200.6
2953.53,200
2972.25,199.8
2982.04,199.8
2993.82,199.6
3003.03,199.6
3009.18,199.6
3029.4,200.2
3038.83,200.6
3049.77,201
3074.99,201
3080.22,201
3101.73,201
3120.82,201.2
3132.96,201.4
3136.12,201.4
3154.11,201.4
3177.15,201.6
3180.01,201.6
3200.54,201.6
3206.1,201.4
3214.29,201.4
3216.99,201.4
3237.31,201.8
3248.62,202
3251.22,202
3256.57,202
3259.32,202
3259.32,200.8
3259.32,200.8
3259.32,201
3259.84,201.2
3263.84,201.4
3267.64,201.6
3275.09,201.8
3285.57,202.2
3288.9,202.2
3304.45,202.6
3309.84,202.8
3309.84,202.8
3331.66,203
3344.07,203.6
3350.25,203.8
3362.05,203.8
3383,204
3403.9,204.2
3410.76,204.4
3416.8,204.8
3438.18,205.2
3458.36,205.8
3461.34,206
3470.63,206.4
3482.41,206.4
3507.38,206.8
3513.96,206.8
3534.85,207.6
3538.08,207.6
3561.98,207.8
3567.99,208
3589.53,208.2
3598.13,208.6
3607.46,209
3618.55,209.6
3633.91,210
3639.88,210.2
3654.6,211
3657.67,211.2
3675.58,211.8
3683.72,212.2
3695.45,213
3701.47,213.2
3722.7,214
3728.28,214.4
3731.11,214.6
3743.06,215.4
3764.35,216.4
3778.63,217.2
3782.1,217.6
3787.32,217.6
3807.11,218.8
3819.09,219.4
3821.51,219.8
3824.37,220
3844.46,221
3847.11,221.2
3857.5,222
3868.54,222.8
3873.66,223.2
3886.3,224.4
3889.29,224.6
3896.67,225.4
3907.68,226.2
3910.95,226.6
3914.13,227
3933.21,227.6
3935.26,228
3945.44,228.4
3950.6,228.8
3956.84,229
3967.28,229.4
3989,229.8
3991.3,230
3995.12,230
4000.32,230.4
4008.98,230.4
4017.09,230.2
4039.76,229.4
4049.22,229
4055.65,228.8
4067.81,227.8
4073.66,227.4
4082.54,226.8
4097.63,225.6
4109.58,224.6
4112.72,224
4121.8,223.2
4133.5,222
4145.67,221
4148.9,220.6
4154.84,220
4161.42,219.8
4174.2,219.8
4194.23,220.2
4214.46,221.6
4217.1,221.8
4237.98,222.4
4241.18,222.6
4250.49,222.6
4268.62,222.8
4276.68,222.8
4279.17,222.8
4282.03,222.8
4287.87,222.8
4309.56,223
4324.44,223.4
4327.39,223.4
4333.36,223.8
4350.61,224.6
4356.44,224.8
4377.13,226
4379.98,226.2
4387.97,227
4396.26,227.6
4402.12,228.2
4413.22,229
4416.11,229.2
4430.19,230.2
4433.19,230.4
4444.9,231
4447.8,231
4462.48,231.4
4476.73,231.6
4491.02,232.2
4493.71,232.4
4505.22,233.4
4511.32,233.6
4532.46,234.4
4540.59,234.8
4544.98,235
4553.23,235.4
4561.65,235.8
4576.46,236
4579.49,236.2
4594.85,236.6
4600.51,236.8
4617.11,237.4
4637.7,237.4
4646.95,237.6
4667.82,237.8
4687.29,238
4692.76,238.2
4715.12,239
4718.02,239
4736.41,239.8
4739.17,240
4761.73,241
4764.66,241.2
4782.11,242.2
4787.55,242.4
4803.51,243.2
4809.84,243.6
4825.18,244
4828.02,244.4
4833.56,244.6
4844.65,245.4
4861.62,246
4880.66,246
4899.97,244.4
4902.9,244.2
4918.51,244.4
4932.79,244.8
4939.39,244.6
4961.53,243.8
4983.08,243.8
4986.19,243.8
5002.62,243.2
5011.78,243
5031.31,244.2
5039.94,244.8
5053.74,245.4
5061.59,246.2
5067.02,246.6
5072.26,247
5086.35,247.6
5091.98,247.8
5100.49,248.6
5103.28,248.8
5112.15,249.4
5118.2,249.8
5129.44,251
5149.12,252
5151.78,252.2
5167.15,253
5178.7,254
5184.84,254.2
5205.92,255.2
5208.96,255.2
5229.49,255.8
5229.49,255.8
5247.76,256
5260,255.8
5282.54,255.2
5291.57,254.8
5303.39,254.4
5309.14,254.6
5318.59,254.6
5337.27,254
5343.21,253.8
5352.8,253.4
5372.16,253
5375.5,252.8
5397.83,252.2
5407.32,252
5422.87,251.8
5444.57,251.8
5450.63,251.8
5472.1,251.6
5474.8,251.6
5496.31,251.6
5496.31,251.6
5514.86,252
5536.29,251.6
5557.34,251.8
5560.38,251.8
5575.5,252.4
5587.49,252.8
5593.6,253
5614.85,253.6
5617.78,253.6
5638.38,254.2
5644.05,254.6
5655.35,255.2
5660.69,255.4
5669.65,255.6
5687.2,256.4
5690.02,256.6
5700.81,257.4
5715.4,258.4
5721.53,258.6
5736.33,259.2
5749.08,259.6
5760.97,259.6
5781.89,259.6
5784.75,259.6
5805.18,259.4
5810.91,259.6
5831.18,260
5837.02,260
5857.7,260
5872.54,260
5885.02,259.2
5897.93,258.6
5900.96,258.6
5907.03,258.2
5919.41,257.4
5934.61,256.8
5956.12,256.4
5959.34,256.4
5981.5,255.6
5984.49,255.4
5987.72,255.2
6000.58,254.4
6000.58,254.4
6016.41,254.2
6038.1,254.6
6044.25,254.4
6066.59,254
6088.67,254
6094.52,254
6113.49,254.2
6131.65,255.4
6136.81,255.6
6145.29,256.4
6158.67,257.4
6167.47,258.2
6173.69,258.6
6191.08,258.4
6208.02,257.4
6214.13,257.4
6232.11,256.8
6247.93,256.8
6268.62,257.2
6271.37,257.2
6289.16,258.4
6289.16,258.8
6305.35,259.6
6313.76,260.4
6316.49,260.6
6327.57,261.6
6330.12,261.8
6340.25,262.8
6348.46,263.4
6351.28,263.8
6365.62,265
6376.6,265.6
6376.6,266
6388.08,266.6
6396.66,267
6408.73,267.8
6414.42,268.2
6429.1,269.2
6431.91,269.4
6449.48,270.2
6461.47,270.4
6476.35,270.2
6479.08,270.4
6489.46,270.2
6498.25,270.4
6517.06,269.8
6520.3,270
6542.29,269.6
6545.34,269.4
6554.24,269.2
6569.54,269.2
6585.84,268.6
6595.77,268.2
6601.91,268
6608.47,267.8
6614.5,267.6
6624.85,267.4
6631.46,266.8
6634.68,266.6
6638.06,266.4
6641.13,266.4
6650.21,265.8
6672.05,265.2
6693.25,264.6
6696.39,264.4
6718.98,264.2
6740.59,264.4
6752.91,264.6
6765.37,264.8
6777.43,265
6787.14,265
6804.76,265.6
6811.27,266
6832.33,266.6
6835.34,266.6
6850.6,267.4
6859.78,267.8
6865.88,268.2
6880.19,269
6883.26,269
6898.38,269.6
6901.51,270
6904.77,270.2
6917.84,271.2
6930.1,271.8
6936.5,272.4
6944.84,273.4
6955.94,273.6
6961.54,273.8
6969.49,274.2
6977.18,274.4
6979.74,274.6
6996.1,275.6
6998.89,275.6
7010.16,276
7012.98,276.2
7024.46,276.4
7030.21,276.6
7044.01,277.6
7055.09,278.8
7074.28,279.8
7089.08,280.6
7097.83,281
7100.74,281
7115.91,281.4
7127.58,281.4
7148.25,281.6
7151,281.4
7159.59,281.6
7179.7,281.8
7194.04,281.8
7197.13,282
7206.65,282
7212.44,282
7215.45,282.2
7237.83,282.4
7240.91,282.4
7246.86,282.2
7252.55,282
7252.55,282
7252.55,282.2
7252.55,282.2
7257.1,282
7269,282
7280.76,282.2
7284.92,282.4
7302.08,282.4
7322.28,281.8
7332.62,281.8
7352.56,281.6
7362.17,281.8
7371.25,282
7391.9,282.6
7400.66,282.8
7410.82,283
7420.05,283.2
7426,283.4
7441.32,284
7453.06,284.2
7464.73,284.4
7470.72,284.6
7476.62,285
7492.56,286.2
7495.21,286.4
7502.76,287.2
7519.72,288.2
7523.53,288.4
7535.2,289.4
7552.57,290.6
7564.18,290.6
7566.92,290.6
7581.94,291.2
7603.61,291.2
7625.37,291
7638.84,291.2
7641.38,291.8
7662.52,292.8
7666.31,292.8
7666.31,292.8
7691.33,293.6
7704.06,293.8
7706.9,293.8
7729.32,293.2
7740.18,293
7758.76,292.8
7771.46,293.2
7789.78,293.8
7796.26,294.6
7800.97,295.2
7814.84,296.2
7832.12,296.4
7840.53,296.4
7855.1,297
7855.1,297.2
7875.91,297.8
7896.57,298.2
7908.28,298.4
7916.4,299.4
7921.24,299.8
7940.65,300.6
7945.64,301
7954.85,301.6
7963.25,302.2
7971.72,302.6
7991.98,303.6
7994.92,303.8
8000.24,304
8022.54,304.4
8031.8,304.4
8051.81,304
8055.03,304
8075.67,304.4
8079.35,304.8
8082.61,305.2
8103.54,305.2
8113.45,305
8134.24,305.2
8140.67,305.4
8162.66,305
8165.77,305
8186.94,305
8195.35,305.2
8203.86,305.8
8214.26,307
8229.47,308
8252.59,307.4
8262.1,306.8
8269.59,306
8273.1,305.6
8286.88,304.6
8297.4,303.8
8304.63,303.6
8321.98,302.4
8328.36,302.4
8349.05,301.4
8365.86,301.4
8385.96,302.2
8404.45,302.6
8424.8,303.4
8430.72,303.6
8434.3,303.8
8453.52,304.4
8458.99,304.6
8464.28,304.8
8471.83,304.6
8478.28,304.6
8499.04,304
8510.37,304
8531.96,304.4
8534.66,304.6
8543,304.6
8553.86,304.8
8573.52,305.4
8596.18,304.8
8613.27,303.4
8622.5,302.4
8636.06,301.2
8645.57,300.2
8651.54,300
8664.03,299
8667.2,299
8676.27,298
8682.6,297.4
8688.65,296.6
8698.57,295.6
8701.9,295.4
8711.87,294.6
8717.39,294.2
8726.68,293.6
8728.58,293.2
8728.58,293.2
8745.87,293.6
8745.87,293.8
8756.19,293.8
8766.11,293.6
8773.85,293.6
8793.88,293.8
8807.43,293.2
8828.16,292.4
8831.41,292.2
8835.2,292.2
8854.57,291.2
8874.95,290.2
8890.14,289
8896.31,288.6
8909.49,288
8921.47,287.2
8927.79,286.8
8941.66,285.6
8951.3,285
8954.19,284.8
8957.29,284.6
8963.53,284.2
8970.16,283.6
8983.59,282.4
8998.07,281
9001.53,281
9008.69,280.6
9018.13,280
9023.85,280
9033.65,280.4
9041.75,281
9050.86,282.2
9054.1,282.4
9060.54,282.6
9066.58,283.4
9075.7,284.2
9084.23,284.8
9090.05,285.2
9099.08,285.8
9117.04,286.6
9120.3,286.8
9123.59,286.8
9132.57,287.2
9153.62,287.6
9163.21,287.8
9172.35,287.8
9194.24,286.6
9201.18,286.4
9207.1,285.4
9221.93,284.8
9221.93,284.2
9234.41,283.2
9247.6,282.4
9250.44,282.2
9253.51,281.8
9253.51,281.6
9259.12,281.4
9280.88,281.2
9283.96,281
9287.11,281
9297,280.8
9310.19,279.8
9326.14,278.8
9343.08,277.6
9365.86,276.6
9381.31,276
9399.83,275.4
9419.54,274.4
9425.86,274.2
9445.04,273.4
9457.11,272.8
9483.3,272.4
9486.55,272.4
9508.5,272.2
9514.32,272.2
9536.13,272.6
9539.29,272.6
9544.59,272.8
9550.38,272.8
9558.46,273.2
9560.95,273.4
9563.63,273.4
9569.16,273.6
9577.12,273.6
9582.32,273.8
9588.16,274.6
9593.7,275.4
9596.21,275.6
9605.93,276.8
9610.93,277
9619.32,277.6
9628.7,277.8
9631.47,278.6
9634.14,279.8
9647.81,281
9652.91,281.4
9660.75,282.2
9673.38,283.4
9693.91,284.6
9702.76,284.2
9723.47,284.4
9738.72,284.6
9760.09,283.8
9763.03,283.8
9772.49,283.8
9775.62,283.8
9781.33,283.6
9784.23,283.4
9796.36,283.2
9812.28,283.2
9818.77,282
9821.8,281.6
9828.1,280.8
9850.11,280.2
9856.64,279.8
9863.74,278.8
9873.33,277.8
9883.65,276.6
9890.47,276.2
9897.1,275.6
9910.49,274.4
9920.44,273.4
9930.39,272.2
9934.03,271.6
9938.35,271
9951.65,269.8
9962.22,268.8
9976.01,268
9983.19,267.6
9997.06,266.4
10007.8,264.8
10014.9,264
10018.3,263.4
10025.4,262
10036.1,260.8
10039.5,260.6
10054.1,259.6
10069.2,259
10076.9,258.8
10080.9,258.2
10087.6,258.2
10107.5,257.2
10119,256.6
10136.8,256
10147.9,255
10151.2,254.6
10166.8,254.6
10187,254.4
10208.6,254
10211.7,253.8
10232.1,253.4
10235.3,253.4
10254.4,253.2
10260,253.2
10275.2,253.4
10280.8,253.4
10282.9,253.4
10285.2,253.4
10292.1,253.2
10296.1,253
10301.9,252.8
10317.1,252
10331.7,251.8
10338.1,251.8
10344.5,251.2
10348.1,251.2
10367.5,251.2
10380,251
10387.6,251
10389.7,250
10392.9,250.2
10396.3,250.4
10399.4,250.6
10402.6,250.6
10414.3,250.6
10420.3,250.4
10429.6,250.4
10442.5,250.6
10451.3,251
10461.3,251.2
10473.1,251.2
10486,252
10488.5,252.2
10493.4,252.8
10502.4,253.2
10504.7,253.2
10519.2,253.6
10528.3,253.8
10537.2,254.4
10557,255.4
10565.8,256.4
10574.9,256.8
10583.8,256.4
10604.7,257.2
10611,257.4
10614.3,257.6
10636.5,257.8
10639.6,257.8
10659.8,257.6
10679.5,256.8
10700,256.8
10706.7,256.4
10710.5,256.2
10713,255.4
10719.7,255.2
10740.5,254.2
10754.6,253.2
10771.9,252.2
10775.5,251.8
10793.6,250.6
10800.3,250
10807.2,249
10825.5,247.4
10829.3,247
10839.8,246.2
10857,245.6
10860.6,245
10881.3,244
10884.7,243.8
10891.3,242.8
10894.5,242.6
10904.8,241.8
10918.8,240.6
10922.7,240
10930.4,239.4
10944.9,238.4
10956.3,237.8
10963.8,237.4
10967.8,237.2
10979.6,236.2
10997.8,235
11011.2,234.4
11021.1,233.8
11037.9,233.4
11047.9,232.8
11068.1,231.8
11071.7,231.4
11078.4,230.8
11094.3,230.2
11117,230
11126.9,229.6
11149.5,229.6
11152.6,229.6
11174.9,228.8
11181.4,228.6
11200.4,227.8
11203.6,227.6
11222.8,226.6
11226.1,226.4
11246.6,225.8
11259.8,225.6
11263.1,225.6
11282.9,225.8
11299.9,226
11322.2,226.6
11330.7,226.6
11339.9,226.6
11354.8,226
11358.2,224.6
11365,223.4
11376.8,224.8
11383.1,225.4
11403.1,223.8
11406.4,223.6
11409.8,223.6
11432.2,223.4
11438.9,223.4
11455.6,222.6
11466.8,221.8
11470.3,221.2
11490.5,220.8
11497.7,220.2
11521,219.4
11527.3,219.4
11537.1,218.6
11557.1,218.2
11567.4,218
11576.5,217.6
11597.7,218.2
11604,218.2
11626.9,218.2
11636.4,218
11658.8,217.6
11662,217.6
11684.5,217.6
11694.1,217.4
11708.7,217.4
11722.1,217.4
11744.6,217.4
11747.7,217.4
11756.3,217.2
11761.6,217.4
11773.1,218.2
11779.2,218.4
11789.3,218.8
11795.2,219
11817.3,219.4
11820.6,219.4
11839,219.2
11853.6,219.4
11874.1,219.6
11880.4,219.6
11893,219.2
11903.1,218.8
11919.5,218.4
11932.7,217.6
11939.5,217.4
11955.1,216.4
11975.3,215.2
11985.3,215
12002.6,215
12009.4,215.2
12022.5,215.4
12035.2,215.6
12053.5,215.4
12056.3,215.6
12071.4,215.4
12077.8,214.8
12091.3,215.2
12100.3,215.2
12122,216
12125.4,216
12135.7,216.4
12154.4,217.2
12171.5,217.2
12176.5,217.4
12195.3,217.8
12206.8,218.6
12219.3,218.8
12238.5,218.2
12248.1,217.8
12260.4,217.2
12267.3,216.6
12274.4,215.8
12284.8,214.6
12291.6,214.6
12308.3,213.6
12317.6,212.8
12339.9,212.6
12342.9,212.6
12352.5,212.8
12365.1,212.8
12386.7,213.6
12393.2,213.4
12412.5,213
12419.2,212.2
12440.5,211.2
12443.7,210.8
12455.7,210
12462.5,209.6
12472.7,209.2
12479.6,208.8
12492.7,207.6
12499.5,207.2
12512.2,206.6
12521,205.8
12524,205.4
12527,205.2
12548.8,204.6
12551.9,204.6
12558,204.2
12577.8,203.2
12596.5,203
12615.8,202.2
12624.8,202.2
12645.1,201.4
12650.3,201.4
12657,201.2
12669.9,200.6
12684.7,200.2
12704.7,200
12706.8,200
12722.1,199.2
12730.4,199
12753,199.2
12761.3,199.2
12767.3,199.2
12773.3,199
12791.4,198
12813.4,197.2
12832.5,197.2
12849.2,197.2
12854.9,197.2
12872.3,197
12894.2,196.8
12896.7,196.6
12908.3,196.6
12914.8,196.6
12930.2,196.6
12948.4,196.4
12954.6,196.4
12964.2,196
12986.7,195.4
12999.6,194.8
13006.2,194.6
13025.5,194.6
13031.8,194.8
13051,194.4
13054.4,194.2
13073.8,193.8
13080.6,193.6
13089.9,192.6
13106.7,191.6
13110.1,191.6
13126.1,190.4
13146.8,189.4
13150.4,189.4
13156.4,189.2
13177.2,188.6
13191.5,188.4
13211.5,188.4
13220.3,188
13226.7,187.8
13242.2,187.8
13258.7,187.8
13274.2,187.6
13287.8,187.6
13310.8,187.2
13317.2,187.2
13339.6,187.4
13356.5,187.2
13373,187.2
13380,187.2
13401.6,187.4
13404.1,187.4
13410.7,187.2
13431,187.2
13434.1,187
13455.8,186.2
13467.9,185.8
13470.9,185.8
13480.7,185.8
13501.1,185.4
13523.4,185.4
13541.3,185
13544.5,185
13548.2,184.8
13562.4,184.8
13581.7,184.4
13596.5,184.4
13599.4,184.4
13623.8,184.2
13645.9,184
13655.7,183.8
13674,183.6
13694.5,182.8
13697.6,182.8
13719.7,182
13723.1,181.6
13727.2,181.6
13741.6,181.2
13752.2,181
13759.5,180.8
13773.8,180.8
13787.1,180.6
13812.4,179.6
13816.1,179.6
13820.2,179.4
13834.5,179
13846,178.4
13849.2,178.4
13857.1,178
13868.8,177.2
13872.4,177.2
13893,176.4
13896.5,176.2
13903.4,176
13924.5,175.6
13931,175.4
13948.1,175.2
13957.6,174.8
13979.5,174.6
14001.3,174.4
14013.1,174.4
14033.2,174.4
14039.8,174.6
14061.4,174.6
14064.3,174.4
14073.7,174.2
14096,173.4
14099.1,173.4
14112.1,173
14128.4,172.4
14141.3,172
14155.3,171.4
14165.7,170.8
14182.4,170.6
14199.5,169.8
14205,169.6
14211.2,169.2
14214.4,169
14217.8,168.6
14239,169.2
14261.8,169.6
14268,169.2
14276.5,169
14278.7,169.4
14280.9,169.6
14283,169.6
14288.5,169.6
14291.5,169.6
14297.8,169.8
14304.3,169.8
14307.8,169.8
14325.5,169.6
14325.5,168.8
14325.5,168.8
14329.2,170.2
14333,170.2
14336.6,170.2
14344.5,170.2
14351.8,170.2
14355.5,170.2
14366.1,170.2
14382,170
14393.5,169.8
14397.3,169.6
14419.1,168.4
14426.8,168.2
14450.5,167.8
14450.5,167.8
14472.5,167.4
14476,167.2
14497.1,166.8
14505.3,166.6
14515.7,166.4
14532.4,166.2
14538.8,166
14558.8,165.2
14571.9,164.8
14585.1,164.2
14593.9,164.2
14616.4,163.4
14623.6,163.2
14630.2,163.2
14648.6,162.8
14665.8,162
14685.8,161.8
14698.3,161.2
14704.1,161
14717.2,160.8
14734.1,160.4
14743.1,160.2
14757.3,159.8
14777.9,159.2
14786.2,158.8
14803.2,158.4
14811.9,157.8
14831.9,157.4
14843.2,157.4
14846.4,157.4
14864.1,156.4
14870.3,156.6
14892.3,157.4
14902.1,157.6
14920.3,157.8
14936.3,158.2
14946.8,158.8
14949.9,158.8
14972,158.8
14974.7,158.8
14997,159.4
15000.2,159.6
15019.6,158.6
15026.1,158.2
15039.6,157.6
15056,156.8
15065.5,156.6
15068.7,156.6
15085.9,155.2
15104.2,154.2
15108.5,154.2
15127.5,154
15149.6,153.4
15170.7,153.4
15183.3,153.4
15192.6,153.2
15203,153.2
15223.1,153
15242.8,152.8
15263.4,152.6
15269.9,152.8
15281.5,152.6
15291.9,152.8
15295.2,152.8
15310.9,152.8
15325.1,154.4
15330,154.8
15337.8,155.6
15345.7,156.6
15351.1,157.2
15354.8,157.4
15363.8,157.6
15375.7,158
15396,157.8
15401.7,157.6
15424.5,157.6
15433.7,157.8
15454.1,158.2
15463.8,158.2
15486.6,158.8
15490.3,158.8
15511.9,158
15532.3,158.6
15554.4,158.8
15556.9,158.6
15579.1,158.8
15582.3,158.8
15592.1,158.4
15604.1,158.6
15612.7,158.8
15630.5,158.6
15649.7,158.6
15655.7,158.8
15659,159
15668.1,159.4
15680.4,158.6
15702.6,158.6
15714.4,159.2
15720.9,159.8
15723.1,160
15736.4,160.2
15759.4,160.4
15766.4,160.2
15769.9,160
15788.2,158.4
15806.5,157.4
15826.9,156.8
15833.4,156.8
15846.9,156.2
15869.8,157.2
15875.9,157.4
15890.3,157.2
15909.3,158.4
15912.2,158.8
15934.4,159.8
15945.9,160.8
15960.5,161
15981.3,161.2
15990.3,161
15993.5,160.8
16014.5,161
16016.8,161
16039.7,161.4
16046,161.2
16062,159.6
16068.7,159.4
16075.1,158.4
16090.9,157.2
16101.2,156.4
16104.5,156.2
16124.3,155.4
16131.6,155.4
16139.2,155.2
16155.8,154
16163.1,153.4
16180.8,152.8
16191.3,152
16194.8,151.6
16207.4,151.2
16210,151.2
16227.1,150.6
16250.1,150.4
16253.3,150.4
16274.2,149.8
16287.6,149.6
16290.8,149.4
16306.1,148.4
16315.5,147.8
16318.8,147.6
16322.4,147.2
16333.9,146.4
16343.4,146
16351.3,145.6
16361.4,145
16382.6,144
16385.6,143.8
16402.7,142.6
16419,142.4
16428.1,142.4
16449.7,142
16455.8,141.4
16470.3,141
16475.1,141
16477.8,141
16480.8,141
16491.6,140.8
16508.4,141
16529.4,141
16535.3,141.6
16556.7,141.4
16565.3,142
16585.7,141.4
16597.1,141
16617.6,141.2
16631.3,141
16637.5,140.2
16643.9,140
16665.3,140.8
16671.6,141
16693.1,139.4
16699.7,139.8
16721.1,139.6
16729.8,139.4
16740.5,140
16751,140
16771.8,139.6
16785.3,139.8
16789.3,139.8
16808.8,140
16814.8,140
16837.5,139.8
16857.6,139.6
16868.2,139.2
16871.8,139.2
16892.9,139.2
16899.5,139.4
16922,139
16925.4,139
16945.2,138.2
16948.7,138.2
16969,138
16985.2,138.2
17007.8,138
17017.4,138
17036.9,137.8
17053.5,138
17074.2,138
17083.1,138.2
17101.5,138.4
17107.5,139
17110.5,139.2
17131.2,139.4
17148.2,138.2
17165.7,137.2
17169.3,137
17194.4,136.2
17201.1,136
17216.1,136
17242,135.6
17260.7,135.8
17283.8,135.8
17294.1,135.4
17315.7,135.4
17336.9,135.4
17359.4,135.8
17365.3,136
17376.9,136.4
17391.2,136.4
17408.8,136.4
17424.8,136.4
17430.5,136.6
17453.3,137.2
17456.2,137.4
17475.2,137.8
17496.8,138.4
17503.2,138.8
17519.4,139.2
17529.5,139
17551,138.4
17557.7,138.2
17579.5,138
17592.3,137.6
17605.4,137.2
17617.8,137
17637.1,136
17649.6,135.6
17662.8,135.4
17669.5,135.4
17691.7,135.4
17712.4,135.2
17715.2,135
17717.7,135
17734.7,135
17755.3,135
17761.2,135
17774.4,134.8
17784.4,134.6
17800.6,134.6
17809.9,134.6
17831.7,134.4
17835.4,134.4
17849.6,134.8
17865.4,134.8
17870.3,134.8
17892.1,135
17910.4,135
17931.6,135
17944.4,134.8
17964.5,134.6
17974.4,134.4
17990.3,134
17993.8,134
18000.5,134
18003.8,134
18024.9,134
18037.3,134.2
18058.2,134.2
18061.5,134.2
18081.1,134.4
18101.9,134.2
18122.8,134.4
18129,134.4
18150.5,134.2
18153.5,134.2
18174.9,134.4
18184.1,134.2
18199.3,134.2
18212.5,134.2
18215.4,134
18237.6,134.2
18246.1,134.4
18258,134.2
18277.1,133.8
18298.6,134
18301.6,133.8
18308,133.8
18326.3,133.8
18347.3,134.2
18368.4,134
18377.4,134
18398.3,134
18402.1,134
18414,134
18422.3,134
18425.3,134
18448.7,134
18470.1,134.2
18473.3,134.2
18492.8,134.6
18503.2,134.6
18505.8,134.6
18520,134.6
18537.7,134.8
18541.2,134.8
18558.2,134.8
18563.7,135
18566.2,135
18581.6,135.4
18600.8,135.6
18615.7,135.6
18637.1,135.2
18643.7,135.2
18652.7,135
18667.6,134.8
18680.4,134.6
18699.1,134.8
18701.5,134.6
18710.6,134.6
18720.6,134.8
18742.2,134.8
18764,134.2
18770.4,134
18773.4,134
18796,133.6
18799.2,133.6
18808.4,133.6
18823.5,133.2
18845.5,133.2
18848.5,133.2
18853.3,133
18869.5,132.8
18890.6,132.8
18890.6,132.6
18905.2,132.8
18918.3,133
18929.4,133.4
18939.6,132.8
18955,132.8
18976.3,133.2
18982.9,133
19005.4,132.8
19014.8,133
19036.5,133.6
19042.9,133.8
19060.2,133.6
19078.7,134
19081.7,134.2
19097.8,134.4
19119.3,134.6
19143.4,134.4
19147.4,134.4
19170.2,135
19176.2,135
19179.4,135.2
19195.9,135.4
19217.6,136
19221.7,136.2
19225.4,136.2
19242.9,136.2
19245.7,136.2
19267.6,135.6
19283.4,135.6
19305.7,135.2
19312.2,135.2
19332.1,135.2
19335.3,135.4
19351.7,135.4
19355,135.2
19377,135.2
19380.5,134.2
19383.6,134.2
19399.4,134
19412.1,134.2
19434.3,134.2
19441.9,134.2
19453.6,134.2
19463.2,134.2
19477.9,134.2
19490.8,134.4
19496.1,134.8
19519.2,134
19540.8,133.6
19544.3,133.8
19546.8,133.4
19552.2,133
19564.4,133.4
19584.4,133.8
19588.1,134.2
19609.1,134.2
19612.1,134.2
19621.3,134.6
19640.6,134.6
19663.3,134.8
19669,134.8
19690.1,134.4
19693.2,134.4
19715,134
19730.9,134.6
19751.1,133.8
19760.3,133
19763.1,134.2
19774.4,135
19777.5,135.4
19795.5,136.2
19816.7,135.8
19825.6,136
19844.2,136
19852.7,136.2
19873.5,136.4
19876.7,136.8
19899.6,137.6
19917.7,136.6
19919.8,136.8
19922.2,136.8
19924.5,136.8
19927.2,136.8
19931.8,137.8
19934.8,138
19941.9,139.2
19949.5,138
19957.7,137
19964.1,136.8
19974.7,136.6
19981.8,136.6
20004.1,136.8
20022.9,136.4
20033.3,136.6
20043.4,136.8
20064.4,136.8
20070.2,137.2
20091.8,137.2
20094.7,137.2
20115.2,137.4
20135.9,137.8
20155.2,138
20161.7,138.2
20176.7,138.8
20195.4,139.2
20198.2,139.2
20221,139.8
20231.4,140.2
20244.5,140.6
20256.6,141.2
20263.4,141.4
20277.8,141.6
20299.7,142
20305.9,142.2
20308.8,142.4
20328.1,142.4
20350.6,141.6
20356.9,141.4
20360.3,141.2
20371.8,140.6
20377.8,140.8
20380.8,140.8
20402.8,140.6
20408.4,140
20411.1,139.8
20429.9,140
20449,140.2
20452.5,140.2
20475.3,139.4
20488,139
20501.2,139.2
20507.8,139.2
20514.4,139
20534.3,139.4
20552.2,139.4
20573.4,139.2
20583.1,138.8
20589.7,138.6
20611.2,138.4
20620.6,138.4
20623.8,138.4
20646.4,138.4
20649.8,138.2
20670.4,138.4
20683.1,138.2
20702.6,137.8
20706.1,137.4
20728.4,137.6
20741.3,137.6
20762.2,138
20782.7,137.8
20788,138
20807,137.8
20823.1,137.8
20841.7,138.4
20847.2,138.2
20852.1,138.2
20856.6,138
20872.1,138
20881.4,138.2
20886,138.2
20898,138.6
20899.6,138.6
20901.3,138.4
20906.3,138.4
20923,138.4
20930.7,138.2
20950.9,138.4
20954.1,138.4
20968.5,138.6
20978.5,138.6
20987.3,138.6
21000.9,138.6
21013,138.4
21022,138.4
21036.1,138.4
21044.2,138.6
21052.7,138.6
21070.6,138.6
21076.6,138.8
21094.6,139
21117.2,138.6
21120.4,138.6
21134.8,138.6
21136.7,138.6
21150.8,138.2
21163.5,138.2
21179.5,138
21185.2,137.8
21201.1,137.6
21219.9,137.4
21240.9,137.6
21248.2,137.4
21257.3,137.4
21262.8,137.2
21273.4,137.8
21286.7,137
21307.8,137.8
21311.2,137.8
21335.8,137.4
21338.7,137.4
21351.1,137.4
21362.5,137.4
21368.7,137.6
21384.4,137.2
21404.3,137.2
21410.3,136.4
21425.4,137
21436.7,137.4
21450.7,137.2
21458.9,137.6
21476.3,137.4
21491,137.4
21508.8,136.4
21518.3,136
21530.2,136
21545.6,136
21566.8,135.8
21572.9,136
21591.6,136.2
21603.9,135.6
21625.6,135.8
21634.6,135.8
21648.4,136
21660.4,136.4
21663.5,136.4
21685.2,136.2
21691.5,136.2
21703.1,136.2
21714.9,136.2
21733.1,136.2
21746.3,136.4
21768.4,137
21777.8,137.2
21800.5,137.4
21806.4,137.6
21820.9,138.6
21823.7,138.8
21838.7,139.4
21841,139.6
21861.3,140.4
21866.9,140.8
21886.6,140.6
21904.7,139.6
21907.9,139.2
21914.7,138.6
21928.8,138
21949.7,137.6
21952.8,137.2
21971,137.2
21983.3,137.6
22004,137.8
22018.9,138
22034.2,138
22052.2,137.4
22073.5,137.6
22081.1,137.2
22102.4,137.6
22111.2,138
22132.2,138.2
22147,138.4
22150.4,138.4
22171.6,138.4
22183.1,138.2
22203.8,138.6
22216,138.2
22230.9,137.8
22242.7,138
22263.3,138.4
22275.3,138.6
22296.2,138.6
22302,138.6
22324.3,138.6
22327.3,138.6
22348.1,137.8
22368.7,138.4
22371.8,138.4
22392,138.2
22400.5,138
22421.9,138.4
22425.2,138.4
22445.8,138.4
22451.2,138.2
22472.7,138.2
22475.6,138.2
22496.2,138.2
22507.9,138
22513.8,138
22534.3,138.4
22544.3,138.6
22564.5,138.4
22567.7,138.4
22588.6,138.8
22594.5,138.8
22611.9,138.8
22620.2,139
22631.6,139.4
22634.6,139.6
22640.8,139.6
22651.8,139.4
22662.5,139.4
22670.5,139.6
22681.2,140.4
22683.8,140.8
22695.4,141.4
22711.4,141.2
22716.5,141
22721.8,141
22735.7,140.6
22741.3,140.4
22761.2,140.2
22777.3,140.6
22793.7,140.8
22811.3,141.2
22819.2,141
22838.4,140.6
22851.4,140.6
22857.7,140.6
22879,140.6
22881.9,140.4
22903.5,140.2
22915.5,140.8
22935,140.6
22955.4,140.2
22977.8,140.2
22980.9,140.2
22996,140.2
23017.2,140.6
23038.1,140.4
23053.3,140.4
23074.7,140.2
23086.1,140.4
23107,140.4
23128,140.4
23131.1,140.4
23153,140.6
23155.9,140.6
23176.1,140.6
23178.5,140.6
23193.2,139.8
23204.3,141
23223.9,140.2
23235.3,139.8
23243.7,139.8
23261.5,140.2
23281.8,139.6
23290.6,139.4
23313.3,139.4
23319.1,139.4
23339.3,138.8
23348.1,139.8
23368.9,139.8
23380.9,140.2
23401.8,139.2
23410.5,139
23432.6,139.2
23448.1,139.6
23468.2,139.8
23479.5,139.8
23502.2,139.6
23505.1,139.4
23521.5,140
23530.5,139.8
23551.8,139.6
23564.3,139.6
23573.9,139.4
23594.5,139.4
23597.6,139.2
23617.8,139.6
23633.2,139.2
23654.9,139.6
23676.6,139.6
23683.1,139.6
23699.6,139.6
23719.3,139.8
23741.3,140
23753.7,140
23773.7,140
23780.2,140
23791.8,140
23805.4,139.8
23826.2,140
23846.4,140
23856.1,139.8
23877.1,139.6
23880.1,139.8
23889.3,139.8
23904.5,139.8
23923,139.8
23931.6,139.8
23951.9,139.6
23957.8,139.8
23979.2,139.8
23985.2,139.8
24002.8,140.2
24008.3,140.2
24031.5,139.8
24036.8,139.8
24056.9,140.4
24065.1,140
24082.4,140
24089.2,140
24111.4,140.2
24117.3,140.4
24137.8,140.2
24141,140.2
24157.1,140
24164.8,140
24186,140.2
24194.6,140.2
24214.6,140
24233.8,140.4
24254.2,140.2
24260.3,140.2
24282.2,140
24288.6,139.8
24302.9,139.8
24321.6,140.2
24327.3,140.2
24349.9,139.8
24371.3,140.6
24376.9,141
24379.7,141
24401.3,140.2
24403.9,140
24424.7,140.8
24433.7,140.6
24448,140
24458.3,140.2
24479.9,140.4
24484.9,140.4
24506.1,140.8
24508.3,140.8
24526,139.6
24538.9,139.6
24560.5,140.8
24566.6,140.8
24589.2,140.4
24598.6,140.6
24620.6,140.6
24623.6,140.4
24632.9,141
24651.5,140.8
24657.5,141
24673.9,141.8
24695.7,141.4
24698.7,141.4
24719.1,141.8
24738,141.4
24747.5,141.8
24756.9,142
24772.9,141.8
24787.5,141.8
24800.7,141.6
24815.5,141.6
24836.5,142.2
24840.6,142.4
24853.7,142
24863.8,141.6
24886.1,141.4
24889.2,141
24892.5,141
24909.9,141
24932.1,141
24944.6,140
24954.9,139.8
24977,139.4
24985.9,139.4
25008.1,139.8
25015.1,139.6
25022,139
25038,139.4
25055.1,139.6
25072,139
25092,140.2
25100,141.2
25114.2,140.8
25132.3,140.6
25152.7,141.2
25159.1,141.4
25181,141.2
25193.5,141.2
25212.9,141.2
25221.9,141
25242.1,141
25248.2,141.2
25269.2,141.8
25275.5,142
25281.6,142.2
25299.7,142
25308.4,142
25320.3,142
25341.6,142.6
25351.3,142.6
25371.8,142
25383.2,141.2
25394.3,140.8
25403,140.6
25420.1,141.2
25439.7,141.8
25459.5,141.6
25468.9,141.4
25481,141.8
25501,142
25516.4,141.8
25537.5,141.8
25546.6,141.8
25567.1,141.8
25579.1,142.2
25597.3,142.2
25617.5,141.8
25620.8,141.4
25640.9,141.2
25643.9,141.2
25660.7,140.8
25680.3,140.8
25689.8,141
25710.6,140.4
25713.6,140.2
25716.9,140
25737.3,139.4
25740.2,139.4
25758.2,140.6
25767.2,140.8
25784.5,140.2
25787.4,140.2
25790.3,140
25799.4,140.2
25821.3,141.2
25824,141.4
25838.9,141.8
25851,142.2
25854.2,142.4
25876.1,142.4
25889,142.2
25898.3,141.8
25914.3,141.2
25917.6,141.2
25930.7,140.6
25943.4,140.4
25950,139.8
25965.8,139.8
25986.9,140.2
25999,140.2
26020.1,140
26035.3,140.4
26056.1,139.8
26065,140.2
26085.3,140
26100.1,140.2
26121.4,139.8
26142.5,140.2
26157.7,140.6
26160.5,141.2
26178.2,140.4
26186.9,140.2
26205.1,140.2
26214.2,141.4
26234.2,141.4
26240.4,141.4
26260.1,141.6
26281.2,141.4
26301.9,141.4
26307.3,141.6
26328.4,142
26347.9,142
26368.4,140.6
26373.9,141
26379.8,140
26395.3,140.4
26410,140.2
26413.2,140
26425.8,140.2
26439.8,140.8
26454.8,140.4
26475.9,141.2
26479.1,141.4
26499.7,141.2
26514.7,141.4
26534.1,141.8
26556.1,140.8
26558.9,140.6
26578.9,141.8
26581.8,141.8
26602.9,141.8
26612.2,141.8
26626.4,142.4
26632.6,142
26656.5,142
26667.5,142.4
26681.9,141.8
26703.1,142
26709.3,142.2
26723.5,142
26726.2,142
26747.1,142
26750.1,142.2
26771,142.2
26777,142.6
26789.1,143
26799.8,143
26819,142.4
26826,142.8
26838,142.6
26849.7,143
26855.3,143.4
26870.3,143.8
26893.1,143.2
26909.8,142.2
26918.9,142
26936.8,141
26943.5,140.8
26959.3,141
26965.1,141
26982.7,141
26998.1,140.6
26998.5,142.6
27001.3,142.6
27004.6,142.6
27015.6,142.6
27023,142.6
27030.2,142.6
27032.8,142.6
27047.8,142.2
27057.7,142
27079.7,142.6
27089.5,143
27110.5,142.6
27114.3,142.4
27125.2,142.6
27145.9,142.8
27148.9,142.8
27169.9,143.2
27182.2,143.4
27185.3,143.6
27194,143.8
27209.3,144.2
27218.2,144.2
27239.5,144.6
27251.7,145
27273.4,144.4
27289.3,144
27307.5,144.2
27313.1,144.4
27334,144.2
27346.6,144
27368.1,143.8
27380.6,144
27392.9,144
27413.1,144
27416.4,144.2
27438.5,144
27441.6,144.2
27464.4,144.4
27470.2,144.2
27492.7,143.8
27498.6,143.8
27514.2,145.2
27520.3,144.6
27541.8,143.8
27547.9,143.8
27568,144.2
27571.6,144
27581.2,143.6
27596.9,143.8
27607.9,143.6
27617.9,143.6
27620.6,143.4
27641.4,143.8
27653.5,143.8
27675.6,143.6
27678.8,143.6
27694.8,144.2
27700.8,144.4
27713.1,144.6
27722.6,144.4
27725.8,144.4
27741.4,143.8
27744.7,143.8
27765.4,144.6
27768.5,144.6
27780.7,143.6
27786.3,143.4
27799.5,142.8
27822,143.4
27833.9,143.4
27845.8,144.2
27857.5,144.2
27880.7,144.2
27887,144.2
27896.8,144.2
27913,143.6
27933.6,143.2
27940,143.6
27951.4,143.8
27968.7,143.8
27981.3,143.8
27992.9,144
28010.6,144
28022.5,144.6
28031.6,144.8
28052.5,144.8
28061.1,144.6
28075.3,144.6
28089.8,144.4
28110.6,144.4
28113.5,144.6
28134.8,144.8
28157,145.2
28160.2,145.2
28172.8,145
28182.1,145
28200.8,144.6
28216.6,144.6
28231.2,145
28253.5,144.8
28262.9,144.8
28285.7,144.6
28288.8,144.6
28310.6,145.2
28329.4,144.8
28332.8,144.8
28355.6,144.4
28362,144.4
28384.1,144.8
28390.7,144.8
28408.1,144.4
28428.8,143.8
28435.4,143.8
28458.2,143.6
28461.4,143.6
28473.6,142.6
28477.2,142.4
28494.8,142
28497.3,142.4
28517.9,142.4
28523.9,142.6
28541.1,143.4
28555.6,143.8
28576.7,143.6
28585.8,143.4
28606.8,143.4
28615.8,143.4
28636.3,143.2
28639.3,143.2
28659.5,143.2
28665,143.2
28685,143.6
28690.8,143.6
28705.9,143.6
28718.3,143.4
28729.4,142.6
28743.7,143.4
28764,143.8
28769.7,143.8
28792.2,143.8
28796.2,143.8
28817.9,143.8
28820.7,143.8
28836.4,144
28852.9,144.2
28865.9,144
28872.5,143.8
28895,143.8
28915.5,144
28925.5,144.2
28944.2,144.2
28960.4,144
28966.5,144
28988.5,144
29000.8,144.2
29022.2,144
29034.6,144
29047.3,144.4
29063.9,144.4
29083.4,144.4
29105,144
29119.3,144.8
29141.3,145
29147.4,145
29168.6,144.8
29175,144.6
29196.7,144.6
29202.7,144.8
29218.2,144.4
29230.4,144.2
29250.8,144.4
29259.7,144.2
29280.6,144
29295,144.2
29307.1,144.2
29321.6,144
29329.8,143.6
29337.7,143.4
29351,144
29368.8,144.6
29371.9,145
29387.9,145.2
29394.8,144.8
29417,144.8
29425.6,144.8
29448.5,144.6
29454.4,144.6
29476.9,145
29485.6,145.4
29493.8,145.8
29502.5,146.6
29512.1,146.8
29521.2,146.8
29524,146.8
29526.9,147
29546.9,146.6
29559,146.8
29580.2,147
29589.4,146.6
29609.9,146.8
29618.8,146.8
29627.5,147
29636.2,147.2
29647.1,147.2
29656.3,147
29671,147
29687,147.4
29692.8,147.4
29702.2,147.2
29720.2,145.8
29726.3,145.2
29732.1,145
29753.2,145
29762.5,144.8
29765.3,144.8
29780,144.4
29800.4,145
29803.2,145
29819.5,145.6
29834.1,145.6
29845.7,145.4
29860.4,145.4
29878,145
29883.9,145.2
29892.5,145.4
29902.1,145.4
29914.9,145.2
29937.8,144.6
29946.5,144.2
29968.4,144.2
29971.6,144.2
29988.4,144.2
30002.9,144.6
30012.3,144.4
30033.1,144.8
30039.6,145
30059.4,145.2
30065.2,145.2
30075.3,145.4
30083.6,145.2
30096.4,145.6
30098.9,145.8
30102,145.8
30121.9,146.2
30130.7,145.8
30148.2,146.2
30169.6,145.8
30172.5,145.8
30192.5,145.8
30201.7,145.4
30224.2,145.4
30233.8,145.6
30255.4,145.6
30263.3,145.8
30285.8,145.8
30288.2,145.6
30310,145.6
30313.1,145.6
30334.8,146.2
30340.3,146.2
30362.4,145.8
30371.7,145.8
30392.6,146
30396.4,146.2
30418.8,146.4
30424.5,146.2
30445.1,146.6
30450.9,146.8
30467.8,146.8
30473.7,147
30490,147.2
30498.1,148
30506,148.2
30512,148.2
30524.3,148.2
30533,148.4
30534.9,148.4
30539.3,148.6
30547.6,148.6
30553.9,149
30563.7,149.2
30585.2,149.6
30587.8,149.6
30608.1,149.8
30610.7,149.8
30622.2,150
30632.9,150.2
30650.8,149
30653.1,148.8
30671.2,147.8
30674.1,147.8
30685.4,147.4
30697.4,147
30700.3,146.8
30721.4,146.6
30741.2,146.8
30755.8,147
30768.2,147.2
30788.9,147.2
30793.9,147.2
30802.1,147.2
30819.6,148
30841.9,148
30844.8,147.8
30857.6,147.6
30860.4,147.6
30874.8,146.6
30880.1,146.4
30894.8,145.6
30898.4,145.6
30906.3,145.2
30921.3,144.8
30937.8,144.6
30957.8,144.8
30971.9,144.8
30979,144.8
30983.3,144.8
31004,145
31023.9,145.2
31045.3,145
31068.5,145.2
31082.7,145.2
31088.7,145.2
31092.4,145.2
31105.3,145.2
31116.8,145.2
